School,Roll No.,Student Name,"Name and affiliation of Guide and Co-guide",Project title
School of Biological Sciences,B0181201,Mr. Abhijit Patra,"Dr. T. K. Beuria, Institute of Life Sciences, Bhubaneswar",Cloning expression and purification of the bacterial molecular chaperone GroEL
School of Biological Sciences,B0181204,Ms. Anju Cyriac,"Dr. Ewelina Knapska, Nencki Institute of Experimental Biology, Warsaw, Poland",Chemogenetic Inhibition of the projections from Ventral Tegmental Area to Anterior Cingulate Cortex and the effects in social interaction.
School of Biological Sciences,B0181202,Mr. Abhinav Kumar Vats,"Prof Daniel St Johnston, The Gurdon Institute, University of Cambridge",Investigating the organogenesis of Drosophila midgut.
School of Biological Sciences,B0181205,Ms. Anoushka Sachdeva,"Prof. Sorab Dalal, ACTREC, Navi Mumbai",Studying the interaction between 14-3-3σ and YY1 and its impact on UPR pathway
School of Biological Sciences,B0181210,Ms. Dhriti Saumya,"Prof Daniel St Johnston, Gurdon Institute, University of Cambridge",Investigating the role of basal receptors in Drosophila enterocyte polarity.
School of Biological Sciences,B0181213,Mr. Jay Phadke,"Dr. Nishad Matange, IISER Pune",Developing Methods to screen the effect of natural variation on two component system mediated antibiotic resistance in Escherichia coli
School of Biological Sciences,B0181220,Ms. Muskan Sharma,"Dr. Ganesh Pai B., BARC Mumbai",Replication dysfunction in conjunction with PARP inhibition leads to contextual synthetic lethality in cancers
School of Biological Sciences,B0181220,Ms. Rakshitha Madamakki,"Dr. Dhanya Cheerambathur, University of Edinburgh, Scotland",Characterization of the organization and dynamics of KNL-1 protein in the Touch Receptor Neurons of Caenorhabditis elegans
School of Biological Sciences,B0181225,Ms. Shalu Pankaj,"Dr. Siddhesh Ghag, Centre of Excellence in Basic Sciences, Mumbai",Evaluating the potential of rhizobacterial isolates in banana plant growth promotion and protection.
School of Biological Sciences,B0181231,Mr. Tharun Chand P.,"Dr. Owen Davies, University of Edinburgh",The molecular structure of the meiotic synaptonemal complex.
School of Biological Sciences,B0181236,Mr. Vikram Sen,"Dr. Rajani Kant Chittela, BARC Mumbai",A novel method to determine the melting temperature of the protein based on fluorescent dye.
School of Chemical Sciences,C181207,Mr. Ashish Meena,"Dr. Ajish Kumar K. S., Bhabha Atomic Research Centre","Design and synthesis of C6-acrylamido-β-D-mannose"
School of Chemical Sciences,C181212,Mr. Karthik Nayak,"Dr. Mukesh Kumar, Bhabha Atomic Research Centre, India","Expression, Purification, Characterization and Crystallization of SARS-CoV-2 Papain-like protease"
School of Chemical Sciences,C181215,Mr. Hemant Yadav,"Prof. Ksenija D. Glusac, University of Illinois, Chicago","Synthesis of chlorinated Graphene Quantum Dots and incorporation of it on dqp ligand based Ruthenium catalyst for photo and electrocatalysis"
School of Chemical Sciences,C181221,Mr. Pankaj Gautam,"Dr. Gunjan Verma, Bhabha Atomic Research Centre, India","Formulation, Structural Characterization and Therapeutic Evaluation of kappa-Carrageenan-based Hydrogels for Biomedical Applications"
School of Chemical Sciences,C181222,Mr. Priyanshu Singh Raikwar,"Professor Sir David Klenerman, University of Cambridge, Cambridge, United Kingdom",Bioimage analysis for T-cell and Antigen Presenting Cells contacts
School of Chemical Sciences,C181229,Mr. Swarnava Mitra,"Dr. Jelena Sjakste, Ecole Polytechnique, Institut Polytechnique de Paris, France","Electron-Phonon Interaction in Semiconductors: Coupling of Ab initio data for Hot Carriers with Device-oriented Simulation methods"
School of Chemical Sciences,C181233,Ms. V. S. Gayathri,"Prof. Michio Iwaoka, Tokai University, Japan",Synthesis and characterization of 4’-selenonucleosides
School of Mathematical Sciences,M0181203,Mr. Ananya Singhal,"Prof. Vivek Borkar; IIT-Bombay",A novel distributed algorithm for non-convex optimization
School of Mathematical Sciences,M0181216,Mr. Lokendra Meena,"Prof. Anish Ghosh; TIFR, Mumbai",Metric Geometry
School of Mathematical Sciences,M0181230,Ms. Tanvi Mahajan,"Prof. Tanmay Deshpande; TIFR, Mumbai",Representation Theory
School of Mathematical Sciences,M0181235,Mr. Vidit Aggarwal,"Prof. R. Thangadurai; HRI, Prayagraj (Allahabad)",Elliptic Curves
School of Physical Sciences,P0181206,Mr. Aryadeep Paul,"Dr. Oldrich Semerak, Mathematics and Physics, Charles University, Prague",Toroidal sources of gravitation around a Schwarzschild black hole
School of Physical Sciences,P0181208,Mr. Avik Das,"Dr. Tushar Debnath, IIT Guwahati",Optical Properties of Water-Triggered Manganese Doping in Perovskite Nanoplatele
School of Physical Sciences,P0181209,Mr. Deependra Chaddha,"Prof. Sumio Yamada, Gakushuin University",A Study of Counterexamples of Penrose Conjecture
School of Physical Sciences,P0181211,Mr. Gaurav Agarwal,"Prof. R. Vijayaraghavan, TIFR, Mumbai",Implementation of two-stage frequency up-conversion technique for controlling superconducting qubits
School of Physical Sciences,P0181214,Mr. Jovi K.,"Dr. Romain Danneau, KIT",Designing Twisted Bilayer Graphene Based Devices
School of Physical Sciences,P0181217,Mr. M. Kruthik,"Dr. Thierry Champel, Laboratoire de Physique et Modélisation des Milieux Condensés, Grenoble",A Study of Landau levels with 4D Phase space formalism
School of Physical Sciences,P0181219,Mr. Muhseen Musthafa,"Prof. Michael Ireland, Australian National University",PSF Calibration for LFC of Veloce Spectrograph
School of Physical Sciences,P0181226,Mr. Shashank Suman,"Dr. Ramchararao Yalla, University of Hyderabad",Fabrication and Analysis of Tapered Micro/nano Fibers for sensing applications
School of Physical Sciences,P0181227,Mr. Shaurya Anand,"Dr. Christian Wolff, Dr. Quentin Jeangros, EPFL, CSEM",Implementing Machine Learning For The Development Of Next Generation Photovoltaics
School of Physical Sciences,P0181228,Mr. Shriraj G. Hegde,"Dr. Daria Gusakova, SPINTEC, Grenoble",3D Finite Element modeling for Spintronics
School of Physical Sciences,P0181234,Mr. V.S. Tharun Krishna,"Prof. Amol Dighe, DTP, TIFR",Matter Effects in Supernova Neutrino Propagation
